"","genes","logFC","AveExpr","t","P.Value","adj.P.Val","B"
"uc001xsy.4","IRF2BPL",-2.01273463651073,12.9340809446261,-23.4133349345105,7.78112785348443e-21,3.57931881260284e-18,37.5829926872154
"uc001wao.2","SUPT16H",0.888272015778808,14.3052146817805,15.6584852608169,5.52062247392575e-16,1.26974316900292e-13,25.9295968748596
"uc001ymk.3","EXOC3L4",-3.38921101567566,8.63449170169427,-14.6429756609033,3.29522003721187e-15,4.60756011777183e-13,24.5970092482597
"uc001xon.5","ACOT2",-2.39509404644149,10.5894563187621,-14.5350340270849,4.00657401545377e-15,4.60756011777183e-13,24.5227213458844
"uc001whd.3","LRP10",-1.02042174973729,13.3207382726871,-13.574497435882,2.39792728412031e-14,1.57578078670763e-12,22.2661621746956
"uc001wuw.4","PNN",0.803975790780811,13.9983446845366,13.6270576556679,2.16909966473211e-14,1.57578078670763e-12,22.2313179549999
"uc001xub.3","SPTLC2",0.796601861461069,14.0289731827545,13.6180558418552,2.20663529087246e-14,1.57578078670763e-12,22.201532946864
"uc021rnj.1","BC016035",3.24955205250781,7.51821093770036,13.1738601806036,5.19914036635635e-14,2.9895057106549e-12,21.9305921644268
"uc001vvs.1","BX248778",-1.40863316290563,11.3257339050562,-12.6255638059617,1.54145395252374e-13,7.87854242401021e-12,20.740881139637
"uc001wmi.3","EMC9",-1.3335387038121,11.6853083188624,-12.3064867415445,2.94591670797626e-13,1.30458661680289e-11,20.0197065699287
"uc001vvk.1","BX248778",-1.3586434880547,11.357657301033,-12.278525211571,3.11966364887649e-13,1.30458661680289e-11,20.018112005588
"uc001xor.1","PNMA1",-0.963088033229674,12.8033759530975,-11.9043574376014,6.77455187266165e-13,2.59691155118696e-11,18.9862444800964
"uc001vvq.1","BC016035",3.32003060901257,7.00515680842356,11.5482100427859,1.43886824043846e-12,5.09137992770533e-11,18.6487019287434
"uc001wwf.3","MIS18BP1",1.71516754352839,10.1858828014334,11.446896624098,1.78763583602637e-12,5.87366060408663e-11,18.3153681391396
"uc001xqa.3","LTBP2",-1.5032902157306,10.2821566492668,-10.8610236561997,6.42655664972379e-12,1.84763503679559e-10,17.0526346121122
"uc001wsc.3","SPTSSA",-0.74463694482718,13.508458372216,-10.9170225705423,5.67636468233494e-12,1.74075183591605e-10,16.6932040400037
"uc001yfi.3","ATG2B",-0.902024409424678,12.1081800265373,-10.335442931232,2.10027208273127e-11,5.08486925292834e-10,15.5804803635753
"uc001yos.4","KIF26A",-0.950457824007765,13.974590787259,-10.3804188982099,1.89526547393169e-11,4.84345621115876e-10,15.3887196608135
"uc010ail.3","HNRNPC",-5.48173636011771,6.03626296508352,-10.4912459741156,1.47310612184341e-11,3.9860518591057e-10,15.3287363722996
"uc001whz.3","AJUBA",-1.75994722701036,9.78750112741676,-9.54863598147698,1.32115102135108e-10,2.64230204270216e-09,14.1569954829652
"uc001xrl.3","NEK9",-1.14203766595132,11.1801509507811,-9.59130063161561,1.19329066731604e-10,2.49506230438808e-09,13.9959217922155
"uc001yah.2","CPSF2",0.710203070559466,13.4670538697471,9.77040658184275,7.80365507360698e-11,1.7948406669296e-09,13.9539252974595
"uc001wzv.3","ERO1L",0.687039202541209,12.9309928106614,9.59551259215446,1.18137483682132e-10,2.49506230438808e-09,13.5806626858458
"uc010tno.2","ZFHX2",-2.08795833993997,8.16755107595832,-9.02916363061621,4.65080901093754e-10,8.55748858012507e-09,13.0315927684642
"uc001xjg.3","EIF2S1",0.66146398509783,13.39821724517,9.20395189545046,3.03318637117025e-10,5.81360721140965e-09,12.5954199330862
"uc001wnp.2","NEDD8",1.95554848606168,7.63472235502629,8.6337804374509,1.24128535431419e-09,2.19612024224817e-08,12.0621638280094
"uc010aww.2","C14orf2",3.59113819673191,5.21930468030599,8.2546777994754,3.2432814774847e-09,5.32824814158201e-08,11.0545787618409
"uc001xff.4","TRMT5",0.941449073255272,10.901117596394,8.42310821027546,2.11187270847862e-09,3.59800535518579e-08,11.0392033334193
"uc001ymq.4","EIF5",-2.27058271643001,8.00390388818439,-8.16069111481404,4.12706096640121e-09,6.32816014848185e-08,10.9022077151489
"uc001vvl.4","AK022914",1.57302468378953,8.57169679262389,8.1746227992966,3.98195794446842e-09,6.31620915329474e-08,10.7472489510986
"uc001vzu.2","LINC00641",-2.0918296597122,7.6758134709958,-8.05141279766653,5.46940198919448e-09,8.11588682267568e-08,10.6289696261582
"uc001wnc.3","TM9SF1",1.42584588553635,8.00891071535679,7.86643097589305,8.84004342551144e-09,1.27075624241727e-07,9.99685968171492
"uc001ygx.2","DEGS2",2.50997707204467,5.8933940856816,7.5766887718529,1.89127277984087e-08,2.28943547033369e-07,9.4486118575635
"uc001yeh.4","LINC00341",1.50530932538446,7.85766621613941,7.60918786191473,1.73574151316466e-08,2.21789193348818e-07,9.39996358541383
"uc010tvv.2","SEL1L",0.487291730259274,13.9717476501985,7.77339287659306,1.12727252136036e-08,1.57134957522959e-07,8.80042282326964
"uc001yri.4","CRIP1",-0.589183826894317,13.9686566555643,-7.67670614404579,1.45289340978774e-08,1.90951705286389e-07,8.6000732913277
"uc001ymb.4","RCOR1",0.537172842923903,13.1198110977144,7.59280924987398,1.81242786841964e-08,2.25328870127847e-07,8.45424992209376
"uc010tux.2","RPS6KL1",3.34477174366289,5.48904706745757,7.08887205991057,6.96005176444554e-08,7.44563677126732e-07,8.1632747890693
"uc001wxn.1","METTL21D",3.27775885704022,4.36660602204595,7.10130864017319,6.73040132493237e-08,7.37139192730688e-07,8.12270156931425
"uc001ygi.4","CCNK",0.569881620955968,12.5958563460149,7.40585890338624,2.97546900753707e-08,3.50952754735142e-07,8.07750965446289
"uc001ypq.4","LINC00638",-2.1170600609673,7.27067033066861,-7.01369630233762,8.52802558804895e-08,8.91566311477845e-07,7.98956806479718
"uc001yks.2","DYNC1H1",-0.260154170799989,18.2246540581295,-7.71631159658061,1.30927506248264e-08,1.77137214335886e-07,7.90448761791173
"uc001xhc.3","ZBTB25",3.18808500110182,4.1411681974757,6.94601984231066,1.02448858863472e-07,1.02448858863472e-06,7.72768557553147
"uc010tvk.1","AHSA1",3.0698732245192,4.25312411124462,6.86614956851288,1.27287819245782e-07,1.24579567772467e-06,7.57308941336132
"uc001xrt.3","C14orf1",0.509244334377595,12.9363249885914,7.18477768472449,5.37569343600365e-08,6.031265806248e-07,7.40805019453801
"uc001wpg.4","CBLN3",-1.50522083845217,8.16140703535919,-6.7928221776913,1.55450978983921e-07,1.48973854859591e-06,7.2832372534792
"uc001xqj.4","YLPM1",-0.788022420015063,11.0689792046839,-6.96616860941596,9.69993863654487e-08,9.91549282846808e-07,7.20907348314264
"uc001ynf.2","CKB",-0.444831629313228,17.2072567553596,-7.2348204850358,4.69977715375135e-08,5.40474372681405e-07,6.82439118010478
"uc001whe.3","LRP10",0.64760842839676,11.0431385098647,6.60723028077743,2.584233061766e-07,2.42601471104563e-06,6.13335328179976
"uc001xol.1","ACOT1",-0.625774420876986,11.608924424822,-6.44022878833306,4.0940593942037e-07,3.69268102222295e-06,5.66314647520966
"uc001yoy.4","INF2",-1.26133354063611,8.40859123588537,-6.06917106227425,1.14746960350438e-06,9.77474106688919e-06,5.2593840452827
"uc001ymi.1","CDC42BPB",-0.395353474709943,14.7261710018032,-6.46420848266402,3.83173381205673e-07,3.5251951070922e-06,5.13991896135636
"uc001ybj.3","MOAP1",-0.701894102518091,10.8221776194152,-6.20401120713705,7.88060452791492e-07,6.9713040054632e-06,5.12830278683997
"uc001wml.1","RNF31",-3.46073196106316,4.71841539221934,-5.80321241482658,2.41609277965671e-06,1.94982926077559e-05,4.7184164256086
"uc001xft.3","SNAPC1",0.841059221842841,9.48541166107298,5.98650840789818,1.44559741972283e-06,1.20904511467727e-05,4.66475853733535
"uc001xhd.4","AKAP5",1.59167405995225,6.52381996212377,5.78668589571729,2.53084550337803e-06,2.00722229578257e-05,4.64832534582073
"uc001ycq.3","IFI27L2",-2.25397353735862,6.6308246695905,-5.70095907615774,3.22027055669502e-06,2.46887409346618e-05,4.52166906188393
"uc001wgl.2","DAD1",0.386391183222679,13.5455669890563,6.13789587267831,9.47328661578856e-07,8.22209781747686e-06,4.39438914179818
"uc001wwl.4","RPS29",-1.89933084767327,7.21487202763715,-5.5653372815372,4.71735787802238e-06,3.4444200379211e-05,4.08808969704558
"uc001wxg.4","ARF6",-0.664908385260686,10.9542388430045,-5.83669748882034,2.19938730217904e-06,1.80663956964707e-05,4.078741902594
"uc001xes.3","DHRS7",-0.835866782870436,10.041860132361,-5.77012591250756,2.65133435829495e-06,2.06714204206047e-05,4.05657615461901
"uc031qqj.1","SETD3",2.64263760012872,3.97228389240734,5.3844799203661,7.85648685539014e-06,5.47573326284768e-05,3.68679314567445
"uc001wsa.4","EGLN3",-1.06192959020064,8.61025707012041,-5.50849040947646,5.53714100007495e-06,3.91859209236073e-05,3.60842636667704
"uc001xbr.3","LGALS3",0.812249981764085,9.24914744270604,5.52592466235931,5.27156180975646e-06,3.78893505076245e-05,3.43168419069298
"uc001xqb.3","AREL1",-0.45278365597351,12.5205512942715,-5.60838148892807,4.17869215336282e-06,3.1511449025359e-05,3.11313199446772
"uc010tyc.2","APOPT1",0.805559161438605,9.15695095787927,5.32698604500997,9.24108733095018e-06,6.34462712274191e-05,2.94808045754038
"uc001wtf.4","NFKBIA",-0.379834592627706,13.4080220566862,-5.59431367682955,4.34757498388509e-06,3.2256201493341e-05,2.93630771088958
"uc001xcx.4","NAA30",-1.15003111263732,8.4884058933782,-5.17459312659394,1.42123407426876e-05,9.20799541075533e-05,2.73271452919051
"uc001yml.1","BC017818",-1.87497448465373,6.28244300993027,-5.00283474441796,2.30876539888802e-05,0.000145483847053218,2.65040212622452
"uc001wpf.4","NYNRIN",-0.831495869747059,9.08634134619596,-5.19515102515126,1.34104283026732e-05,8.81256717032811e-05,2.59580821476177
"uc031qns.1","PPP1R3E",-1.4894638179226,7.12707935888148,-4.988120111592,2.40672299864617e-05,0.000149607105321249,2.491850731935
"uc001wvk.3","FBXO33",-0.571439613263234,11.1393622987819,-5.23062973189392,1.21315109506068e-05,8.0876739670712e-05,2.34592726119735
"uc001wlj.2","LRRC16B",-1.98857770579947,6.70907750779847,-4.89918521765541,3.09356855495376e-05,0.000187242307273517,2.34306694895143
"uc001wvu.3","FAM179B",2.56430186087031,3.30663348904232,4.83582725904907,3.69899972910658e-05,0.000220979204595978,2.25252054100096
"uc001xpd.3","FAM161B",-1.4641211357602,7.68438676944184,-4.93452014483699,2.7999358731636e-05,0.000171729400220701,2.2246620106873
"uc001ygz.2","BC014138",0.363000673141979,13.064030332466,5.2957257515228,1.00939704073554e-05,6.82827409909335e-05,2.11404253627279
"uc001yom.4","TDRD9",-0.539152333038547,11.2670860928343,-5.10521100125727,1.72899126141278e-05,0.000110463330590261,1.97330627183783
"uc010tqv.2","PSMC6",2.38704004862481,4.20659253214686,4.71581919909894,5.18739274493144e-05,0.000297305026977878,1.93971198919042
"uc001yqi.4","NUDT14",-1.32613484399093,7.70180842670233,-4.75681040115739,4.62181594569054e-05,0.00027256863269457,1.756026902727
"uc001ynw.1","AK097119",1.33175212766333,7.03400503770933,4.73653465214619,4.89345940934492e-05,0.000284935611177046,1.70655184778087
"uc001yrf.2","CRIP2",-1.5841117808834,7.57155355545784,-4.71256378245524,5.2351537359148e-05,0.000297305026977878,1.65967006748896
"uc001xym.2","CALM1",-2.56256378533303,5.32396359884467,-4.58491679765948,7.49570687587027e-05,0.000400933158476782,1.59921635745064
"uc001wth.1","INSM2",2.4312854008072,3.27044516189294,4.56185112487545,7.99717927901219e-05,0.000422839364177656,1.54653733850258
"uc001xxq.3","FOXN3-AS1",-1.22875133255339,7.77933992169742,-4.6531878399469,6.18710240670709e-05,0.000338817512748246,1.42802174955888
"uc001xjh.1","PLEK2",-0.823070693213946,8.93223698393293,-4.70274869586113,5.38181508523765e-05,0.000301906699903576,1.30626126503446
"uc001xov.1","BC038204",-2.55281759386621,4.26252490426826,-4.40704987224649,0.000123385805820957,0.000644971257700457,1.14993326671618
"uc001xcg.3","KTN1",2.24492465422485,3.81948483974029,4.36634945576094,0.00013824264067261,0.000714512524824724,1.03546047733652
"uc001yej.1","SYNE3",2.24818632711428,3.66816396649783,4.24833707442062,0.000192056148380889,0.000970833277529768,0.749436450148393
"uc021rtf.1","GMFB",0.516745992724545,11.5642279740762,4.67455842998564,5.82614365970133e-05,0.000322894708850917,0.643356368677374
"uc010aty.3","CCDC88C",0.475536770397891,11.4047552940398,4.60552051430269,7.07421224450223e-05,0.000382839721467179,0.525443058541372
"uc001xzj.3","CCDC88C",-2.405876500281,4.20184655087198,-4.11603072065944,0.000277160626753791,0.00134204092954467,0.421287561529065
"uc001xkf.2","RAD51B",-1.78473089136811,6.23886204703623,-4.14052795570703,0.000259002501783486,0.00128108764323015,0.383654048234467
"uc021sdy.1","AK130824",-2.61894396170094,4.24278085929623,-4.07627573966217,0.000309326285160432,0.00148218844972707,0.321897210937134
"uc010ttg.2","ADAM21P1",1.2071288888862,6.05499745761743,4.12371003190906,0.000271337731838132,0.00132782294303767,0.136688945617803
"uc001wxv.3","ATP5S",-2.32606566776551,3.95840497835875,-3.94875863314404,0.000439272424112309,0.00202065315091662,0.00808257775547272
"uc001xnx.3","BC044305",-2.31418607934311,4.14591417875058,-3.91024931452232,0.000488120150942619,0.00220305548958161,-0.0863403506327778
"uc021rvh.1","SLC39A9",1.8550693015777,4.21572546492058,3.88655387304482,0.000520778551006975,0.00232580712100202,-0.196698088369845
"uc001wtx.3","NKX2-8",-1.33614965603929,6.60855992750311,-3.95398759110698,0.000433020353589672,0.00201201376415403,-0.201588408432841
"uc001wtl.3","BRMS1L",0.76530390674082,8.84006592390628,4.16977902131739,0.000238849209722189,0.00119424604861095,-0.219864234348675
"uc001wsq.3","FAM177A1",-2.25150391764205,3.81948483974029,-3.82723025509389,0.000612199863919854,0.00270780709041474,-0.288732020018798
"uc001yel.3","SNHG10",1.04442998224837,6.87265583925677,3.97437346540118,0.000409467644478863,0.00192199098428854,-0.340534971223713
"uc001wrf.4","HEATR5A",-0.81691157452675,8.05881307364796,-4.02788975637369,0.000353452665117862,0.00167616727787852,-0.423929573378332
"uc010tqa.1","SEC23A",2.03504477562691,3.66668578707323,3.76721970405517,0.000720572140959615,0.00306910356334651,-0.455175272602056
"uc001ypd.3","ADSSL1",-1.83236122511075,5.74388894888292,-3.74233066028356,0.000770817666528523,0.00322341933275564,-0.568750419717973
"uc010aod.3","C14orf166",0.380471329629973,12.0851432835262,4.26365934312559,0.00018404496032008,0.000940674241635967,-0.576154487185814
"uc001ykr.1","AK311282",-1.98855058978052,5.12132049421619,-3.66815343329651,0.000941660116111164,0.00379968117027312,-0.698556801547868
"uc001vwx.4","CCNB1IP1",1.97457301974938,3.80560592569169,3.63153116107157,0.00103906828651624,0.00415627314606495,-0.784405784204694
"uc001wtz.2","SLC25A21",1.7736784366287,5.25565311983017,3.6795146282646,0.000913288757163318,0.00371781263977988,-0.795339690741534
"uc001xbi.1","GCH1",1.06684975759645,6.69615783473555,3.78008640139426,0.000695864061629618,0.00299156512476284,-0.827671348657121
"uc010tnc.2","OXA1L",-0.981783306476634,7.2693213281972,-3.7825326995853,0.000691260807001146,0.00299156512476284,-0.840155599876864
"uc001xvj.3","BC040628",-1.93957808246327,5.03051612838193,-3.58527965398972,0.00117614698535844,0.00462416763474257,-0.898712153670583
"uc001xzq.1","SMEK1",1.32798756465514,5.81343811744847,3.68177620787108,0.000907741168051234,0.00371781263977988,-0.906080163942563
"uc021rtz.1","FLJ22447",-2.14557597126367,3.57604326722706,-3.54553564816081,0.00130781869978866,0.00505543362943517,-0.965639454836237
"uc010tuo.2","ENTPD5",0.842402860341078,7.50406283269821,3.76200354731348,0.000730830679046655,0.00308423956294919,-1.01917676875869
"uc001yqz.1","MTA1",-1.34126782708879,6.31412484567831,-3.60732375081926,0.00110875584311101,0.00439679041233675,-1.02117146387165
"uc001xoh.1","NUMB",1.97457301974938,3.60748561310155,3.49960734336585,0.00147779465435082,0.00548214145968853,-1.10233990048294
"uc001xtq.1","SAMD15",-2.01570879222831,3.51536491383077,-3.47681780203146,0.0015698838621501,0.00568619351644917,-1.12670433728338
"uc001ynj.2","BAG5",-2.01570879222831,3.51536491383077,-3.47681780203146,0.0015698838621501,0.00568619351644917,-1.12670433728338
"uc001xlr.2","SLC10A1",1.82383965544657,3.71348522642092,3.49121968760185,0.00151106358245083,0.00556071398341907,-1.13637806728443
"uc010tlk.2","METTL17",1.6134621517323,4.92451651506257,3.51886153701828,0.00140408275039086,0.00530669695890286,-1.15569818507302
"uc001war.2","CHD8",-0.393801619411951,11.4771986888682,-3.9099621986691,0.000488503608559401,0.00220305548958161,-1.3827497894713
"uc001wjz.3","NGDN",1.8240801801081,3.51536491383077,3.38396946979321,0.00200571628721677,0.00688529471731129,-1.39247312334992
"uc001vwv.4","CCNB1IP1",1.84570271097594,3.62136452715014,3.37118565084311,0.00207418170795919,0.00702760910600555,-1.40149835028156
"uc001way.3","TOX4",1.85194570193399,3.7741635798172,3.35631440238919,0.00215665943629371,0.00724133825324895,-1.43646411987353
"uc001wnu.2","GMPR2",1.35258416260925,5.220655630719,3.4540917496674,0.00166722789581698,0.0059451537370218,-1.44450337908673
"uc001wvr.3","KLHL28",1.84570271097594,3.71348522642092,3.34882542071206,0.00219938038209765,0.00727852500550303,-1.45404808180359
"uc001ypp.3","ZBTB42",-0.452694874911387,10.623079149184,-3.8198282943724,0.000624653272237867,0.00273657624028018,-1.46302156743291
"uc001xhp.2","PLEKHG3",-2.17208222757616,5.72856811860714,-3.35222000880322,0.00217991598974391,0.0072663866324797,-1.49507575287686
"uc001xse.3","IFT43",0.998152419475791,6.69531996411738,3.51489669437044,0.00141896462161968,0.00530669695890286,-1.50976888268487
"uc001xbx.2","ATG14",-1.20511563615445,6.67706076663143,-3.40027404104907,0.00192154915003035,0.00673512675255502,-1.63941395310044
"uc010tpz.3","FOXA1",1.66323587048905,4.1250829450744,3.27466624865675,0.00266876327043862,0.00846642140966734,-1.68006955692667
"uc001wxu.3","L2HGDH",0.492907946834734,9.93544310212612,3.70461413699414,0.000853526147492722,0.00353713538600588,-1.68891019217368
"uc010tyk.2","AKT1",-1.78075306374587,5.10180559397653,-3.22847258754404,0.00300822987096924,0.00936607360094722,-1.74018534334007
"uc001xex.4","PPM1A",0.846543270922833,7.20040280068271,3.46024797438102,0.00164029746014791,0.00589481899740655,-1.74351079780225
"uc001yqw.3","TEX22",-1.10288788108684,6.6964778292835,-3.30062796010617,0.0024944369666362,0.00802406296959896,-1.86485928961187
"uc001vxa.1","RPPH1",0.793671032432637,7.22890080555984,3.39807707816999,0.00193268854638535,0.00673512675255502,-1.93514194049938
"uc001ypj.3","AKT1",-0.930014644732836,7.77069773576306,-3.3705346277701,0.00207772790960164,0.00702760910600555,-1.97824213352309
"uc001wug.3","C14orf25",-1.42974663335223,5.70463000367123,-3.13663225637368,0.00380986512179408,0.0112703889166844,-2.04862203115315
"uc001xkr.4","DCAF5",1.27943006373228,5.0759992342931,3.15788216785577,0.00360799705086182,0.0109568699757116,-2.06089652107172
"uc010aik.1","ZNF219",-1.91787399157497,3.45468656043449,-3.06825470135366,0.00453506621556464,0.0129573320444704,-2.06250081671493
"uc001wmf.2","FITM1",1.05672466165868,6.28488883815652,3.23346891172829,0.00296960767388541,0.00935629815059786,-2.09421319516759
"uc001xjs.3","ARG2",-0.404690024883589,10.9897927187913,-3.57963644526613,0.00119402771441743,0.00465468431044082,-2.1370482364935
"uc010axi.1","BRF1",-1.46606478409085,5.71681956691051,-3.07394255225963,0.00447005492993707,0.0129147413178295,-2.16492169917231
"uc001ykw.1","HSP90AA1",1.26244533838488,5.92701253720572,3.14564809529051,0.00372293471059095,0.0111204543303366,-2.16648139153094
"uc001yef.2","CLMN",0.683301031072086,7.9118977380341,3.3345698987947,0.00228296165051789,0.0075011597088445,-2.21253998727382
"uc001xqx.1","RPS6KL1",1.6117779432208,5.34332867094808,3.07200646632604,0.00449208393663633,0.0129147413178295,-2.28139569568642
"uc021rvk.1","LOC100289511",-1.63277450198138,5.0759992342931,-2.99762611412574,0.00542096314534785,0.0152051405296342,-2.28425339427833
"uc021rwj.1","Y_RNA",-1.72175106370739,3.56068617375386,-2.94669184831628,0.00615913045609591,0.0164759829662381,-2.32711829819568
"uc001xst.2","VASH1",1.57938266680349,3.94304788488556,2.96375470272193,0.00590185128525262,0.0160642105989125,-2.34279653064436
"uc001wrq.3","AKAP6",-0.604316076128397,8.31346921920257,-3.30478388421681,0.00246756650651995,0.0079935253028111,-2.35464960469586
"uc010tqf.2","FKBP3",0.425236928612598,10.5806686035632,3.51521440869929,0.00141776649010413,0.00530669695890286,-2.35658436368894
"uc001xzp.1","SMEK1",1.48690777313719,4.41532395693532,2.96385392515688,0.00590038535404192,0.0160642105989125,-2.40394904288454
"uc001xat.1","CNIH",0.774791904596133,7.15109978108889,3.19629775871202,0.00326870903668692,0.0100240410458399,-2.45904366416835
"uc001xln.1","SRSF5",0.434781104261145,9.95922442386889,3.38725535652539,0.00198847310656733,0.00687742578211256,-2.52383262575272
"uc001xzw.3","FBLN5",-1.82798717600889,4.40471284473701,-2.85803724925586,0.00767538795373886,0.0197244606632395,-2.54137010256382
"uc010amn.1","PPP2R3C",1.36984938163998,4.71031095007112,2.90170048767524,0.00688929689684892,0.0180061168894915,-2.59605256151227
"uc001xei.4","JKAMP",1.12433786289485,5.79538937878157,2.97958590119989,0.00567226717204748,0.0157183307177219,-2.60454367342966
"uc010amk.3","ARHGAP5-AS1",-0.734777351752173,7.93130510547096,-3.13537586120422,0.00382213189348426,0.0112703889166844,-2.62348083833837
"uc010alp.3","LTB4R",0.496491490269698,9.48638129661707,3.28663077326894,0.00258701919756692,0.00826408910333879,-2.62534512858092
"uc001wjj.3","PABPN1",0.529851526040797,8.83404761981942,3.20886291941684,0.00316451469807676,0.00976964269204905,-2.71813166053639
"uc021rvf.1","ZFP36L1",-1.3906116158408,5.21344119348697,-2.80733979700273,0.00869385496869326,0.0220948800309331,-2.76036491187143
"uc001waq.2","SUPT16H",-0.791179951579032,8.07519928042997,-3.06376827674692,0.00458697872799926,0.0130247544128374,-2.76518355239644
"uc001ybr.3","BTBD7",-1.57823472083045,5.00470976869851,-2.77391701213485,0.00943325408598315,0.0237155538396193,-2.77384297599435
"uc001wwx.3","KLHDC2",-0.284830985345817,12.491089790306,-3.44837312487641,0.00169262624734028,0.00598929287520408,-2.78260448451889
"uc001won.3","CIDEB",-1.09202810154011,6.66008115243898,-2.91096921152647,0.00673249730433228,0.017696850057102,-2.78484980156799
"uc001xhk.4","HSPA2",-1.62745793943733,3.91724152520213,-2.73872753299865,0.0102751242453131,0.0250218370904636,-2.79048928720235
"uc001xbq.1","MAPK1IP1L",-0.222609907235423,13.7076782595885,-3.52718837572306,0.00137331849010628,0.0052643875454074,-2.81836874268058
"uc001yoj.4","C14orf2",-0.954475285665717,6.46434573069814,-2.88665178914482,0.00715123415423864,0.0185851283104507,-2.82474131318668
"uc001xsc.2","TGFB3",0.45082203805091,9.75234489447107,3.22780427065072,0.00301343237595693,0.00936607360094722,-2.84863699553376
"uc001xnn.4","RBM25",0.760798266747327,7.0222944625805,2.9950389115139,0.00545634385081496,0.0152116252810599,-2.86898090280924
"uc001xrp.3","LOC731223",-1.56400125305965,4.15155016494165,-2.70233899390171,0.0112191650703509,0.0270199787034629,-2.89946941179635
"uc031qov.1","BX648502",-1.61203662230295,4.37979648996977,-2.69246724658988,0.0114888847494582,0.027525453045577,-2.92231162838663
"uc031qox.1","WDR89",-1.59541239600889,4.28203980450792,-2.66770914954819,0.0121921422168727,0.0289092031946465,-2.93700013520494
"uc010tna.1","ABHD4",-1.69991101697299,3.63892795897605,-2.6371118832607,0.013116583729752,0.0307838189575812,-2.98205449591398
"uc001xqh.3","FCF1",-0.451823596610636,9.74076148088437,-3.09524225171991,0.00423439315046217,0.0124065022242841,-3.10766045801793
"uc010axa.3","AKT1",-0.952164175104406,6.49046625835172,-2.77070180923899,0.00950740715909681,0.0237193749965222,-3.11494395142681
"uc001wri.3","BC041327",-1.33268359525422,5.13301879511866,-2.61777150446795,0.0137340633040863,0.0320693863953284,-3.11583280234054
"uc010twt.1","DICER1-AS1",-1.36539425633376,5.21344119348697,-2.60698940094666,0.0140899014956892,0.0326499860649751,-3.14019159459594
"uc001xab.3","GNPNAT1",0.274572059272636,12.4017704133008,3.3228378282785,0.00235403101432955,0.00767981749355739,-3.14128502563525
"uc010tlo.2","TMEM253",-0.579605364336512,8.49668754137334,-2.94659731691525,0.00616058493520209,0.0164759829662381,-3.1872628730064
"uc001xfc.3","SIX4",0.361316108108687,11.0289786514469,3.15306346878613,0.00365285785784069,0.0109824484614818,-3.24363559845511
"uc001xsm.3","AK025117",0.489326161545378,9.13261496442188,3.00275202040949,0.00535150621972447,0.0151024101906335,-3.24754939275217
"uc001wmj.3","PSME2",0.409260042323782,9.9890492178361,3.07564300399648,0.00445079179885699,0.0129147413178295,-3.27315618802031
"uc001xyp.3","TTC7B",0.740185346750422,6.56764755253548,2.74976559790544,0.0100037711809321,0.0247405093721976,-3.30986462277312
"uc001ymf.1","AX746522",-1.37546180032992,5.383836650852,-2.53128206582606,0.0168390691464513,0.0383463950859782,-3.31425949999164
"uc001wop.3","CIDEB",0.879733975114855,6.24882005090965,2.67960563494866,0.0118493635593609,0.0282420064109119,-3.32051090460153
"uc001wre.3","HECTD1",-0.727588013437585,6.89819866868936,-2.73850313811356,0.0102807113262992,0.0250218370904636,-3.34778808756406
"uc001xux.2","CEP128",1.1459132902605,5.09683046796928,2.56881240001776,0.0154196396560321,0.0354651712088739,-3.35303406081339
"uc001xmc.4","SYNJ2BP",0.312321367519845,11.2731790222203,3.15653011294251,0.003620530948496,0.0109568699757116,-3.37627199191391
"uc001xjl.1","PLEKHH1",0.53102381605609,8.5375367170902,2.8758342199652,0.00734529318921099,0.0189822183541408,-3.43666627826679
"uc010ahh.2","CCNB1IP1",1.23172442200022,4.20184655087198,2.46615952852794,0.0195909241807232,0.0437467238987023,-3.44233144340268
"uc010aln.2","DHRS1",0.983878346180476,5.72895818393006,2.52729890774702,0.0169965858043949,0.0385144308868062,-3.56955103878627
"uc001wyw.4","PYGL",0.785245094857581,6.68254103829141,2.60594953431794,0.0141246678846305,0.0326499860649751,-3.63279264750209
"uc010txs.1","PPP2R5C",0.804407088892432,6.96220720115142,2.6384328848566,0.013075362924043,0.0307838189575812,-3.63834810138029
"uc001wsd.1","EAPP",0.31623318150327,11.080665704154,2.9588967298696,0.00597404687362242,0.0161650680109783,-3.74118351001454
"uc001wio.4","ACIN1",-0.268467818060721,11.7092666673134,-2.91912750867844,0.00659727551758308,0.0174410732074035,-3.94334464022192
"uc031qqx.1","abParts",0.266980341668026,12.6894430254075,2.96719258165399,0.00585125978589148,0.0160642105989125,-4.0447943310682
"uc001vvo.1","LOC101101776",-0.532296512082211,8.28011498677302,-2.53265302946055,0.0167851654845883,0.0383463950859782,-4.06045810803078
"uc001ysy.2","LINC00221",0.295457930454464,11.3325969350087,2.8357151678316,0.0081091606659027,0.0207234105906402,-4.0702321496385
"uc001yaf.3","NDUFB1",0.310411352622033,10.5629463263921,2.77385557293321,0.00943466598402247,0.0237155538396193,-4.07704249826634
"uc010avw.3","SLC25A29",-0.50669054021319,8.38405413651202,-2.51822823609896,0.017360370891535,0.0391459343632651,-4.12203135990468
"uc001ygy.2","YY1",-0.229806915383874,13.3340643304494,-2.94297934610748,0.00621649643737947,0.0165294124924541,-4.19220426331863
"uc010tyq.2","BTBD6",-0.269502673750202,11.8439051986486,-2.73593786838781,0.0103447845964626,0.0250452679703832,-4.35833364122934
"uc001xsv.3","ANGEL1",-0.236435347807431,12.7396792207834,-2.7435137268933,0.0101566292113158,0.0249842215893329,-4.53045751748016
"uc021rsp.1","Metazoa_SRP",0.241802663896651,13.0269651818445,2.76932558710305,0.00953931385729698,0.0237193749965222,-4.59196798791165
"uc001xjf.3","ATP6V1D",0.248438212033646,11.646294703297,2.50530129194129,0.0178912142327497,0.040146139253975,-4.88595347861264
"uc010avr.3","CCDC85C",-0.17288267508116,13.8065708426354,-2.45741837519663,0.0199902020144089,0.0444226711431308,-5.33931280253658
